[
  {"techName":"משה בן יוסף", "callID":"#1234", "description":"תקלת מדפסת", "company":"משקפות בע'מ", "address":"האריה 3 רעננה, מיקוד 39834", "email": "amirp@blah.com", "phone": "03-1122334", "mobile": "050-1122334"},
  {"techName":"יוסי נגר", "callID":"#1234", "description":"תקלת מדפסת", "company": "יוסי נגר בע'מ", "address":"הנחש 3 בית שמש , מיקוד 8874", "email": "amiro@blah.com", "phone": "03-2233441", "mobile": "050-2233441"},
  {"techName":"ניב מרגלית", "callID":"#1234", "description":"תקלת מדפסת", "company": "ניב מרגלית בע'מ", "address":"האינסטלטור 8 תל אביב, מיקוד 874543", "email": "arelm@blah.com", "phone": "03-3344551", "mobile": "050-3344551"}, 
  {"techName":"דן מרגלית", "callID":"#1234", "description":"תקלת מדפסת", "company": "דן מרגלית בע'מ", "address":"חלומות פז 45 תל אביב, מיקוד 454298", "email": "buzih@blah.com", "phone": "03-4455661", "mobile": "050-4455661"}, 
  {"techName":"בן כספית", "callID":"#1234", "description":"תקלת מדפסת", "company": "בן כספית בע'מ", "address":"שער 5 אום אל פאחם, מיקוד 00098", "email": "zohirb@blah.com", "phone": "03-5566771", "mobile": "050-5566771"}, 
  {"techName":"ארז תדמור", "callID":"#1234", "description":"תקלת מדפסת", "company": "ארז תדמור בע'מ", "address":"הדיקטטור 4 קיסריה, מיקוד 100100", "email": "bibin@blah.com", "phone": "03-6677881", "mobile": "050-6677881"}, 
  {"techName":"אראל סגל", "callID":"#1234", "description":"תקלת מדפסת", "company": "אראל סגל בע'מ", "address":"הפרח 3 מעלה יששכר, מיקוד 98233", "email": "naftalib@blah.com", "phone": "03-7788991", "mobile": "050-7788991"}, 
  {"techName":"קלמן ליבסקינד", "callID":"#1234", "description":"תקלת מדפסת", "company": "קלמן ליבסקינד בע'מ", "address":"פח אשפה 12 כפר קאסם, מיקוד 23982", "email": "zehavag@blah.com", "phone": "03-8899001", "mobile": "050-8899001"}    
]