[
  {"inventoryName":"עכבר אלחוטי", "manufacturer":"לוג'יטק",  "dealer":"א.א חיון", "itemID":"1234", "category":"עכבר", "itemCount":20, "itemPrice":50, "description":"עכבר אלחוטי "},
  {"inventoryName":"צורב DVD", "manufacturer":"dell",  "dealer":"הראל מחשבים", "itemID":"#1002", "category":"צורב", "itemCount":24, "itemPrice":100, "description":"צורב תקליטורים"},
  {"inventoryName":"מקלדת אלחוטית", "manufacturer":"לוג'יטק",  "dealer":"KSP", "itemID":"#1003", "category":"מקלדת", "itemCount":33, "itemPrice":190, "description":"מקלדת אלחוטית"}, 
  {"inventoryName":"מארז מחשב", "manufacturer":"Corsair",  "dealer":"Ivory", "itemID":"#1102", "category":"מארז", "itemCount":12, "itemPrice":321, "description":"מארז Full tower"}, 
  {"inventoryName":"מסך מחשב", "manufacturer":"dell",  "dealer":"א.א חיון", "itemID":"#1209", "category":"מסך", "itemCount":22, "itemPrice":1345, "description":"מסך 24 אינטש פאנל ISP"}, 
  {"inventoryName":"כונן SSD", "manufacturer":"Samsung",  "dealer":"הראל מחשבים", "itemID":"#1089", "category":"SSD", "itemCount":41, "itemPrice":1234, "description":"כונן פלאש SSD 256GB תוצרת סמסונג"}, 
  {"inventoryName":"תחנת עבודה", "manufacturer":"dell",  "dealer":"KSP", "itemID":"#1200", "category":"מחשב", "itemCount":25, "itemPrice":6543, "description":"מחשב שולחני תוצרת DELL"}, 
  {"inventoryName":"זיכרון DDR4", "manufacturer":"Corsair",  "dealer":"Ivory", "itemID":"#1934", "category":"זיכרון", "itemCount":123, "itemPrice":354, "description":"שני מקלות זיכרון בנפח של 16 גיגה"}
]