[
	{
		"firstName":"טום", 
		"lastName":"קרוז",
		"photoURL":"https://images-na.ssl-images-amazon.com/images/M/MV5BMTk1MjM3NTU5M15BMl5BanBnXkFtZTcwMTMyMjAyMg@@._V1_.jpg",
		"infoURL":"http://www.imdb.com/name/nm0000129/?ref_=nv_sr_1"
	};
	{
		"firstName":"ג'וני", 
		"lastName":"דפ",
		"photoURL":"https://images-na.ssl-images-amazon.com/images/M/MV5BMTM0ODU5Nzk2OV5BMl5BanBnXkFtZTcwMzI2ODgyNQ@@._V1_SY1000_CR0,0,701,1000_AL_.jpg",
		"infoURL":"http://www.imdb.com/name/nm0000136/?ref_=nv_sr_1"
	};
	{
		"firstName":"בראד", 
		"lastName":"פיט",
		"photoURL":"https://images-na.ssl-images-amazon.com/images/M/MV5BMjA1MjE2MTQ2MV5BMl5BanBnXkFtZTcwMjE5MDY0Nw@@._V1_SY1000_CR0,0,665,1000_AL_.jpg",
		"infoURL":"http://www.imdb.com/name/nm0000093/?ref_=nv_sr_1"
	};
	{
		"firstName":"דנזל", 
		"lastName":"וושיגטון",
		"photoURL":"https://images-na.ssl-images-amazon.com/images/M/MV5BMjE5NDU2Mzc3MV5BMl5BanBnXkFtZTcwNjAwNTE5OQ@@._V1_SY1000_SX750_AL_.jpg",
		"infoURL":"http://www.imdb.com/name/nm0000243/?ref_=nv_sr_1"
	};
	
];
