[
  {"fullName":"עמיר פרץ", "address":"האריה 3 רעננה, מיקוד 39834", "email": "amirp@blah.com", "phone": "03-1122334", "mobile": "050-1122334", "company": "משקפות בע'מ", "companyID": "511111111"},
  {"fullName":"אמיר אוחנה", "address":"הנחש 3 בית שמש , מיקוד 8874", "email": "amiro@blah.com", "phone": "03-2233441", "mobile": "050-2233441", "company": "אמיר אוחנה בע'מ", "companyID": "522222222"},
  {"fullName":"אראל מרגלית", "address":"האינסטלטור 8 תל אביב, מיקוד 874543", "email": "arelm@blah.com", "phone": "03-3344551", "mobile": "050-3344551", "company": "אראל מרגלית בע'מ", "companyID": "533333333"}, 
  {"fullName":"יצחק הרצוג", "address":"חלומות פז 45 תל אביב, מיקוד 454298", "email": "buzih@blah.com", "phone": "03-4455661", "mobile": "050-4455661", "company": "יצחק הרצוג בע'מ", "companyID": "544444444"}, 
  {"fullName":"זוהיר בהלול", "address":"שער 5 אום אל פאחם, מיקוד 00098", "email": "zohirb@blah.com", "phone": "03-5566771", "mobile": "050-5566771", "company": "זוהיר בהלול בע'מ", "companyID": "566666666"}, 
  {"fullName":"בנימין נתניהו", "address":"הדיקטטור 4 קיסריה, מיקוד 100100", "email": "bibin@blah.com", "phone": "03-6677881", "mobile": "050-6677881", "company": "בנימין נתניהו בע'מ", "companyID": "577777777"}, 
  {"fullName":"נפתלי בנט", "address":"הפרח 3 מעלה יששכר, מיקוד 98233", "email": "naftalib@blah.com", "phone": "03-7788991", "mobile": "050-7788991", "company": "נפתלי בנט בע'מ", "companyID": "588888888"}, 
  {"fullName":"זהבה גלאון", "address":"פח אשפה 12 כפר קאסם, מיקוד 23982", "email": "zehavag@blah.com", "phone": "03-8899001", "mobile": "050-8899001", "company": "זהבה גלאון בע'מ", "companyID": "599999999"}    
]